Credit Card Name,Rating,Annual Fees,APR,Recommended Credit Scores
Capital One Venture Rewards Credit Card,Rating: 4.3 out of 5 stars,$95,Not available,Credit Karma does not support.
Citi Simplicity® Card,Rating: 2.1 out of 5 stars,$0,Not available,Credit Karma does not support.
Citi Double Cash® Card,Rating: 2.9 out of 5 stars,$0,Not available,Credit Karma does not support.
Citi® Diamond Preferred® Card,Rating: 1.8 out of 5 stars,$0,Not available,Credit Karma does not support.
Capital One Platinum Secured Credit Card,Rating: 4.1 out of 5 stars,$0,29.99% (Variable),Credit Karma does not support.
Petal® 2 Visa® Credit Card,Rating: 2.2 out of 5 stars,$0,Not available,Credit Karma does not support.
Discover it® Secured Credit Card,Rating: 4.0 out of 5 stars,$0,27.74%* Variable,Credit Karma does not support.
Petal® 1 Visa® Credit Card,Rating: 2.1 out of 5 stars,$0,Not available,Credit Karma does not support.
Discover it® Student Cash Back,Rating: 5.0 out of 5 stars,$0,Not available,Credit Karma does not support.
Alaska Airlines Visa Signature® credit card,Rating: 2.7 out of 5 stars,$95,Not available,Credit Karma does not support.
